abs_path,action,comment_raw,target_class,target_label,source_class,relative_path,image_key
/Users/fedorgracev/Desktop/NeuralNetwork/dl_lab1/top_new_dataset/train/train/Апельсин/60526/0bda985805734792b0e5a03a3a8d8380.jpg,relabel,tinder_session:20260225_203059 source_class:Апельсин,Томаты,12,Апельсин,Апельсин/60526/0bda985805734792b0e5a03a3a8d8380.jpg,Апельсин/60526/0bda985805734792b0e5a03a3a8d8380.jpg
/Users/fedorgracev/Desktop/NeuralNetwork/dl_lab1/top_new_dataset/train/train/Апельсин/60526/0c81acafd97f4de3944dbdcecec05a1a.jpg,relabel,tinder_session:20260225_203059 source_class:Апельсин,Мандарины,9,Апельсин,Апельсин/60526/0c81acafd97f4de3944dbdcecec05a1a.jpg,Апельсин/60526/0c81acafd97f4de3944dbdcecec05a1a.jpg
/Users/fedorgracev/Desktop/NeuralNetwork/dl_lab1/top_new_dataset/train/train/Апельсин/60526/0f9f691d53794957adc3c4e9a35837c2.jpg,relabel,tinder_session:20260225_203059 source_class:Апельсин,Лимон,7,Апельсин,Апельсин/60526/0f9f691d53794957adc3c4e9a35837c2.jpg,Апельсин/60526/0f9f691d53794957adc3c4e9a35837c2.jpg
/Users/fedorgracev/Desktop/NeuralNetwork/dl_lab1/top_new_dataset/train/train/Апельсин/60526/10124c04636c48b7aecc34214a484eb5.jpg,relabel,tinder_session:20260225_203059 source_class:Апельсин,Лимон,7,Апельсин,Апельсин/60526/10124c04636c48b7aecc34214a484eb5.jpg,Апельсин/60526/10124c04636c48b7aecc34214a484eb5.jpg
/Users/fedorgracev/Desktop/NeuralNetwork/dl_lab1/top_new_dataset/train/train/Апельсин/60526/22c3feab95c84b84b9b9bcb279b5f358.jpg,relabel,tinder_session:20260225_203059 source_class:Апельсин,Лук,8,Апельсин,Апельсин/60526/22c3feab95c84b84b9b9bcb279b5f358.jpg,Апельсин/60526/22c3feab95c84b84b9b9bcb279b5f358.jpg
/Users/fedorgracev/Desktop/NeuralNetwork/dl_lab1/top_new_dataset/train/train/Апельсин/60526/235dfae299a94c3091a565bda5dcd222.jpg,relabel,tinder_session:20260225_203059 source_class:Апельсин,Лимон,7,Апельсин,Апельсин/60526/235dfae299a94c3091a565bda5dcd222.jpg,Апельсин/60526/235dfae299a94c3091a565bda5dcd222.jpg
/Users/fedorgracev/Desktop/NeuralNetwork/dl_lab1/top_new_dataset/train/train/Апельсин/60526/3a1a00004826476c87ca8ca4809a6501.jpg,relabel,tinder_session:20260225_203059 source_class:Апельсин,Лимон,7,Апельсин,Апельсин/60526/3a1a00004826476c87ca8ca4809a6501.jpg,Апельсин/60526/3a1a00004826476c87ca8ca4809a6501.jpg
/Users/fedorgracev/Desktop/NeuralNetwork/dl_lab1/top_new_dataset/train/train/Апельсин/60526/4074cb112a58416eb43502f013e7c4cb.jpg,relabel,tinder_session:20260225_203059 source_class:Апельсин,Мандарины,9,Апельсин,Апельсин/60526/4074cb112a58416eb43502f013e7c4cb.jpg,Апельсин/60526/4074cb112a58416eb43502f013e7c4cb.jpg
/Users/fedorgracev/Desktop/NeuralNetwork/dl_lab1/top_new_dataset/train/train/Апельсин/60526/4a040b207ac24a1785428402f461858f.jpg,relabel,tinder_session:20260225_203059 source_class:Апельсин,Мандарины,9,Апельсин,Апельсин/60526/4a040b207ac24a1785428402f461858f.jpg,Апельсин/60526/4a040b207ac24a1785428402f461858f.jpg
/Users/fedorgracev/Desktop/NeuralNetwork/dl_lab1/top_new_dataset/train/train/Апельсин/60526/5af667d99d6145a58237a1438879056e.jpg,relabel,tinder_session:20260225_203059 source_class:Апельсин,Лимон,7,Апельсин,Апельсин/60526/5af667d99d6145a58237a1438879056e.jpg,Апельсин/60526/5af667d99d6145a58237a1438879056e.jpg
/Users/fedorgracev/Desktop/NeuralNetwork/dl_lab1/top_new_dataset/train/train/Апельсин/60526/5c4b658b8799460db4b2076eaea5ef2d.jpg,relabel,tinder_session:20260225_203059 source_class:Апельсин,Мандарины,9,Апельсин,Апельсин/60526/5c4b658b8799460db4b2076eaea5ef2d.jpg,Апельсин/60526/5c4b658b8799460db4b2076eaea5ef2d.jpg
/Users/fedorgracev/Desktop/NeuralNetwork/dl_lab1/top_new_dataset/train/train/Апельсин/60526/74afb7d7560a42e38fdc1fd596187a56.jpg,relabel,tinder_session:20260225_203059 source_class:Апельсин,Лук,8,Апельсин,Апельсин/60526/74afb7d7560a42e38fdc1fd596187a56.jpg,Апельсин/60526/74afb7d7560a42e38fdc1fd596187a56.jpg
/Users/fedorgracev/Desktop/NeuralNetwork/dl_lab1/top_new_dataset/train/train/Апельсин/60526/8227e1ecc0494a18ac6a2d25329e3c16.jpg,relabel,tinder_session:20260225_203059 source_class:Апельсин,Лимон,7,Апельсин,Апельсин/60526/8227e1ecc0494a18ac6a2d25329e3c16.jpg,Апельсин/60526/8227e1ecc0494a18ac6a2d25329e3c16.jpg
/Users/fedorgracev/Desktop/NeuralNetwork/dl_lab1/top_new_dataset/train/train/Апельсин/60526/82f0ee4b1a554fbea6f244add9ae1fac.jpg,relabel,tinder_session:20260225_203059 source_class:Апельсин,Лимон,7,Апельсин,Апельсин/60526/82f0ee4b1a554fbea6f244add9ae1fac.jpg,Апельсин/60526/82f0ee4b1a554fbea6f244add9ae1fac.jpg
/Users/fedorgracev/Desktop/NeuralNetwork/dl_lab1/top_new_dataset/train/train/Апельсин/60526/90479978862b49f7ae1ab7954fc14d05.jpg,relabel,tinder_session:20260225_203059 source_class:Апельсин,Мандарины,9,Апельсин,Апельсин/60526/90479978862b49f7ae1ab7954fc14d05.jpg,Апельсин/60526/90479978862b49f7ae1ab7954fc14d05.jpg
/Users/fedorgracev/Desktop/NeuralNetwork/dl_lab1/top_new_dataset/train/train/Апельсин/60526/969011e7d43e4afb8bb764fc3003b428.jpg,relabel,tinder_session:20260225_203059 source_class:Апельсин,Мандарины,9,Апельсин,Апельсин/60526/969011e7d43e4afb8bb764fc3003b428.jpg,Апельсин/60526/969011e7d43e4afb8bb764fc3003b428.jpg
/Users/fedorgracev/Desktop/NeuralNetwork/dl_lab1/top_new_dataset/train/train/Апельсин/60526/c0fb8b4a15b845eb9025bf04c9ebb336.jpg,relabel,tinder_session:20260225_203059 source_class:Апельсин,Мандарины,9,Апельсин,Апельсин/60526/c0fb8b4a15b845eb9025bf04c9ebb336.jpg,Апельсин/60526/c0fb8b4a15b845eb9025bf04c9ebb336.jpg
/Users/fedorgracev/Desktop/NeuralNetwork/dl_lab1/top_new_dataset/train/train/Апельсин/60526/d3b87a4288f040c88aeb23bc6449fa7e.jpg,relabel,tinder_session:20260225_203059 source_class:Апельсин,Лимон,7,Апельсин,Апельсин/60526/d3b87a4288f040c88aeb23bc6449fa7e.jpg,Апельсин/60526/d3b87a4288f040c88aeb23bc6449fa7e.jpg
/Users/fedorgracev/Desktop/NeuralNetwork/dl_lab1/top_new_dataset/train/train/Апельсин/60526/e46e84fc815c4b2f81dd3b21b02b5c6b.jpg,relabel,tinder_session:20260225_203059 source_class:Апельсин,Мандарины,9,Апельсин,Апельсин/60526/e46e84fc815c4b2f81dd3b21b02b5c6b.jpg,Апельсин/60526/e46e84fc815c4b2f81dd3b21b02b5c6b.jpg
/Users/fedorgracev/Desktop/NeuralNetwork/dl_lab1/top_new_dataset/train/train/Апельсин/60526/ea481855cf5f48e4877ebc47d968bac8.jpg,relabel,tinder_session:20260225_203059 source_class:Апельсин,Мандарины,9,Апельсин,Апельсин/60526/ea481855cf5f48e4877ebc47d968bac8.jpg,Апельсин/60526/ea481855cf5f48e4877ebc47d968bac8.jpg
/Users/fedorgracev/Desktop/NeuralNetwork/dl_lab1/top_new_dataset/train/train/Апельсин/60526/fe49a034452d412c9a93fddf29718f19.jpg,relabel,tinder_session:20260225_203059 source_class:Апельсин,Мандарины,9,Апельсин,Апельсин/60526/fe49a034452d412c9a93fddf29718f19.jpg,Апельсин/60526/fe49a034452d412c9a93fddf29718f19.jpg
/Users/fedorgracev/Desktop/NeuralNetwork/dl_lab1/top_new_dataset/train/train/Апельсин/60619/786401c26e444a38b9267536156a4991.jpg,relabel,tinder_session:20260225_203059 source_class:Апельсин,Яблоки красные,14,Апельсин,Апельсин/60619/786401c26e444a38b9267536156a4991.jpg,Апельсин/60619/786401c26e444a38b9267536156a4991.jpg
/Users/fedorgracev/Desktop/NeuralNetwork/dl_lab1/top_new_dataset/train/train/Апельсин/60619/879920ad062e4b84b8cf00a0f41fcbb1.jpg,relabel,tinder_session:20260225_203059 source_class:Апельсин,Мандарины,9,Апельсин,Апельсин/60619/879920ad062e4b84b8cf00a0f41fcbb1.jpg,Апельсин/60619/879920ad062e4b84b8cf00a0f41fcbb1.jpg
/Users/fedorgracev/Desktop/NeuralNetwork/dl_lab1/top_new_dataset/train/train/Апельсин/60619/dbb68431ece0402da1a0a368ec2f2c7d.jpg,relabel,tinder_session:20260225_203059 source_class:Апельсин,Мандарины,9,Апельсин,Апельсин/60619/dbb68431ece0402da1a0a368ec2f2c7d.jpg,Апельсин/60619/dbb68431ece0402da1a0a368ec2f2c7d.jpg
/Users/fedorgracev/Desktop/NeuralNetwork/dl_lab1/top_new_dataset/train/train/Бананы/809/2aace3cba3f34853b2e5869bb8e8ccb2.jpg,relabel,tinder_session:20260225_203059 source_class:Бананы,Лук,8,Бананы,Бананы/809/2aace3cba3f34853b2e5869bb8e8ccb2.jpg,Бананы/809/2aace3cba3f34853b2e5869bb8e8ccb2.jpg
/Users/fedorgracev/Desktop/NeuralNetwork/dl_lab1/top_new_dataset/train/train/Бананы/809/8ee81c817e8a414db9e4cb91bfa11c14.jpg,relabel,tinder_session:20260225_203059 source_class:Бананы,Капуста,4,Бананы,Бананы/809/8ee81c817e8a414db9e4cb91bfa11c14.jpg,Бананы/809/8ee81c817e8a414db9e4cb91bfa11c14.jpg
/Users/fedorgracev/Desktop/NeuralNetwork/dl_lab1/top_new_dataset/train/train/Бананы/809/e8c2ed0e455b410b9eae10fae27657d1.jpg,relabel,tinder_session:20260225_203059 source_class:Бананы,Апельсин,0,Бананы,Бананы/809/e8c2ed0e455b410b9eae10fae27657d1.jpg,Бананы/809/e8c2ed0e455b410b9eae10fae27657d1.jpg
/Users/fedorgracev/Desktop/NeuralNetwork/dl_lab1/top_new_dataset/train/train/Бананы/809/f198e862c1774ac1bbe9a9a2034269dd.jpg,relabel,tinder_session:20260225_203059 source_class:Бананы,Яблоки зелёные,13,Бананы,Бананы/809/f198e862c1774ac1bbe9a9a2034269dd.jpg,Бананы/809/f198e862c1774ac1bbe9a9a2034269dd.jpg
/Users/fedorgracev/Desktop/NeuralNetwork/dl_lab1/top_new_dataset/train/train/Груши/50911/49fc3c38a2374687a0b966887ba1ed7b.jpg,relabel,tinder_session:20260225_203059 source_class:Груши,Огурцы,11,Груши,Груши/50911/49fc3c38a2374687a0b966887ba1ed7b.jpg,Груши/50911/49fc3c38a2374687a0b966887ba1ed7b.jpg
/Users/fedorgracev/Desktop/NeuralNetwork/dl_lab1/top_new_dataset/train/train/Груши/50911/d430b571cbaa40b2bc5b802754344631.jpg,relabel,tinder_session:20260225_203059 source_class:Груши,Киви,6,Груши,Груши/50911/d430b571cbaa40b2bc5b802754344631.jpg,Груши/50911/d430b571cbaa40b2bc5b802754344631.jpg
/Users/fedorgracev/Desktop/NeuralNetwork/dl_lab1/top_new_dataset/train/train/Кабачки/3965/0d538ebd9a2c4709bc34e2bbe67513e5.jpg,relabel,tinder_session:20260225_203059 source_class:Кабачки,Огурцы,11,Кабачки,Кабачки/3965/0d538ebd9a2c4709bc34e2bbe67513e5.jpg,Кабачки/3965/0d538ebd9a2c4709bc34e2bbe67513e5.jpg
/Users/fedorgracev/Desktop/NeuralNetwork/dl_lab1/top_new_dataset/train/train/Кабачки/3965/77f8de2f8368403eb42077c2fcf65ab0.jpg,relabel,tinder_session:20260225_203059 source_class:Кабачки,Морковь,10,Кабачки,Кабачки/3965/77f8de2f8368403eb42077c2fcf65ab0.jpg,Кабачки/3965/77f8de2f8368403eb42077c2fcf65ab0.jpg
/Users/fedorgracev/Desktop/NeuralNetwork/dl_lab1/top_new_dataset/train/train/Кабачки/3965/81b8d9e4cb834a12a1754446b558130f.jpg,relabel,tinder_session:20260225_203059 source_class:Кабачки,Огурцы,11,Кабачки,Кабачки/3965/81b8d9e4cb834a12a1754446b558130f.jpg,Кабачки/3965/81b8d9e4cb834a12a1754446b558130f.jpg
/Users/fedorgracev/Desktop/NeuralNetwork/dl_lab1/top_new_dataset/train/train/Картофель/3093966/1bc295e8b75e46e886594a656a3f6ca4.jpg,relabel,tinder_session:20260225_203059 source_class:Картофель,Груши,2,Картофель,Картофель/3093966/1bc295e8b75e46e886594a656a3f6ca4.jpg,Картофель/3093966/1bc295e8b75e46e886594a656a3f6ca4.jpg
/Users/fedorgracev/Desktop/NeuralNetwork/dl_lab1/top_new_dataset/train/train/Картофель/3093966/61b74c2774fa4ee19fe98718854f0dee.jpg,relabel,tinder_session:20260225_203059 source_class:Картофель,Груши,2,Картофель,Картофель/3093966/61b74c2774fa4ee19fe98718854f0dee.jpg,Картофель/3093966/61b74c2774fa4ee19fe98718854f0dee.jpg
/Users/fedorgracev/Desktop/NeuralNetwork/dl_lab1/top_new_dataset/train/train/Картофель/3093966/83439f6da98b409aa185d1ffe3620932.jpg,relabel,tinder_session:20260225_203059 source_class:Картофель,Груши,2,Картофель,Картофель/3093966/83439f6da98b409aa185d1ffe3620932.jpg,Картофель/3093966/83439f6da98b409aa185d1ffe3620932.jpg
/Users/fedorgracev/Desktop/NeuralNetwork/dl_lab1/top_new_dataset/train/train/Картофель/31893/7e5232ecfcef4a56b71bc35392dc6742.jpg,relabel,tinder_session:20260225_203059 source_class:Картофель,Морковь,10,Картофель,Картофель/31893/7e5232ecfcef4a56b71bc35392dc6742.jpg,Картофель/31893/7e5232ecfcef4a56b71bc35392dc6742.jpg
/Users/fedorgracev/Desktop/NeuralNetwork/dl_lab1/top_new_dataset/train/train/Картофель/3953590/05b86d1b93fa402c91b12630b8f0f536.jpg,relabel,tinder_session:20260225_203059 source_class:Картофель,Груши,2,Картофель,Картофель/3953590/05b86d1b93fa402c91b12630b8f0f536.jpg,Картофель/3953590/05b86d1b93fa402c91b12630b8f0f536.jpg
/Users/fedorgracev/Desktop/NeuralNetwork/dl_lab1/top_new_dataset/train/train/Картофель/3953590/5fdb04e722ab474ab7864e6e6443144b.jpg,relabel,tinder_session:20260225_203059 source_class:Картофель,Морковь,10,Картофель,Картофель/3953590/5fdb04e722ab474ab7864e6e6443144b.jpg,Картофель/3953590/5fdb04e722ab474ab7864e6e6443144b.jpg
/Users/fedorgracev/Desktop/NeuralNetwork/dl_lab1/top_new_dataset/train/train/Картофель/3953590/69a15aa93c4b4e37ba3c08c35fc640a5.jpg,relabel,tinder_session:20260225_203059 source_class:Картофель,Лук,8,Картофель,Картофель/3953590/69a15aa93c4b4e37ba3c08c35fc640a5.jpg,Картофель/3953590/69a15aa93c4b4e37ba3c08c35fc640a5.jpg
/Users/fedorgracev/Desktop/NeuralNetwork/dl_lab1/top_new_dataset/train/train/Картофель/3953590/d1654b421c6f4499a3bd78a5c967c1b7.jpg,relabel,tinder_session:20260225_203059 source_class:Картофель,Киви,6,Картофель,Картофель/3953590/d1654b421c6f4499a3bd78a5c967c1b7.jpg,Картофель/3953590/d1654b421c6f4499a3bd78a5c967c1b7.jpg
/Users/fedorgracev/Desktop/NeuralNetwork/dl_lab1/top_new_dataset/train/train/Лимон/3294954/758b41d9b25f4f9e9e190573ded4c776.jpg,relabel,tinder_session:20260225_203059 source_class:Лимон,Апельсин,0,Лимон,Лимон/3294954/758b41d9b25f4f9e9e190573ded4c776.jpg,Лимон/3294954/758b41d9b25f4f9e9e190573ded4c776.jpg
/Users/fedorgracev/Desktop/NeuralNetwork/dl_lab1/top_new_dataset/train/train/Лимон/3294954/cff4135ef6804cd39c721f386562badd.jpg,relabel,tinder_session:20260225_203059 source_class:Лимон,Апельсин,0,Лимон,Лимон/3294954/cff4135ef6804cd39c721f386562badd.jpg,Лимон/3294954/cff4135ef6804cd39c721f386562badd.jpg
/Users/fedorgracev/Desktop/NeuralNetwork/dl_lab1/top_new_dataset/train/train/Лимон/3294954/e8ea6a093cc84bcf8880c68fd164cb13.jpg,relabel,tinder_session:20260225_203059 source_class:Лимон,Яблоки красные,14,Лимон,Лимон/3294954/e8ea6a093cc84bcf8880c68fd164cb13.jpg,Лимон/3294954/e8ea6a093cc84bcf8880c68fd164cb13.jpg
/Users/fedorgracev/Desktop/NeuralNetwork/dl_lab1/top_new_dataset/train/train/Лук/197/14070d37aa9f489cb3882df9f572d770.jpg,relabel,tinder_session:20260225_203059 source_class:Лук,Бананы,1,Лук,Лук/197/14070d37aa9f489cb3882df9f572d770.jpg,Лук/197/14070d37aa9f489cb3882df9f572d770.jpg
/Users/fedorgracev/Desktop/NeuralNetwork/dl_lab1/top_new_dataset/train/train/Лук/197/1e7a3c3b7acf436e9dac24c3efb9e5b6.jpg,relabel,tinder_session:20260225_203059 source_class:Лук,Морковь,10,Лук,Лук/197/1e7a3c3b7acf436e9dac24c3efb9e5b6.jpg,Лук/197/1e7a3c3b7acf436e9dac24c3efb9e5b6.jpg
/Users/fedorgracev/Desktop/NeuralNetwork/dl_lab1/top_new_dataset/train/train/Лук/197/20365386aade44929f716c57a16cb616.jpg,relabel,tinder_session:20260225_203059 source_class:Лук,Яблоки красные,14,Лук,Лук/197/20365386aade44929f716c57a16cb616.jpg,Лук/197/20365386aade44929f716c57a16cb616.jpg
/Users/fedorgracev/Desktop/NeuralNetwork/dl_lab1/top_new_dataset/train/train/Лук/197/2127ec30a27e48499014262b6ec51987.jpg,relabel,tinder_session:20260225_203059 source_class:Лук,Морковь,10,Лук,Лук/197/2127ec30a27e48499014262b6ec51987.jpg,Лук/197/2127ec30a27e48499014262b6ec51987.jpg
/Users/fedorgracev/Desktop/NeuralNetwork/dl_lab1/top_new_dataset/train/train/Лук/197/2ba86781b2094d6d85cbeaac6e9faf6e.jpg,relabel,tinder_session:20260225_203059 source_class:Лук,Груши,2,Лук,Лук/197/2ba86781b2094d6d85cbeaac6e9faf6e.jpg,Лук/197/2ba86781b2094d6d85cbeaac6e9faf6e.jpg
/Users/fedorgracev/Desktop/NeuralNetwork/dl_lab1/top_new_dataset/train/train/Лук/197/3f0c560066544f388e82a181aff1522c.jpg,relabel,tinder_session:20260225_203059 source_class:Лук,Морковь,10,Лук,Лук/197/3f0c560066544f388e82a181aff1522c.jpg,Лук/197/3f0c560066544f388e82a181aff1522c.jpg
/Users/fedorgracev/Desktop/NeuralNetwork/dl_lab1/top_new_dataset/train/train/Лук/197/66ceff312663406fab40ec668a2480d8.jpg,relabel,tinder_session:20260225_203059 source_class:Лук,Мандарины,9,Лук,Лук/197/66ceff312663406fab40ec668a2480d8.jpg,Лук/197/66ceff312663406fab40ec668a2480d8.jpg
/Users/fedorgracev/Desktop/NeuralNetwork/dl_lab1/top_new_dataset/train/train/Лук/197/6d6aa89eda544005a8a418d64146984f.jpg,relabel,tinder_session:20260225_203059 source_class:Лук,Картофель,5,Лук,Лук/197/6d6aa89eda544005a8a418d64146984f.jpg,Лук/197/6d6aa89eda544005a8a418d64146984f.jpg
/Users/fedorgracev/Desktop/NeuralNetwork/dl_lab1/top_new_dataset/train/train/Лук/197/8643867638404f23bd2b17ba8af94612.jpg,relabel,tinder_session:20260225_203059 source_class:Лук,Морковь,10,Лук,Лук/197/8643867638404f23bd2b17ba8af94612.jpg,Лук/197/8643867638404f23bd2b17ba8af94612.jpg
/Users/fedorgracev/Desktop/NeuralNetwork/dl_lab1/top_new_dataset/train/train/Лук/197/a18162f9b562421c842202286c163b1c.jpg,relabel,tinder_session:20260225_203059 source_class:Лук,Яблоки красные,14,Лук,Лук/197/a18162f9b562421c842202286c163b1c.jpg,Лук/197/a18162f9b562421c842202286c163b1c.jpg
/Users/fedorgracev/Desktop/NeuralNetwork/dl_lab1/top_new_dataset/train/train/Лук/197/aa2f27baba3a4ac48598de25ee72f3b4.jpg,relabel,tinder_session:20260225_203059 source_class:Лук,Картофель,5,Лук,Лук/197/aa2f27baba3a4ac48598de25ee72f3b4.jpg,Лук/197/aa2f27baba3a4ac48598de25ee72f3b4.jpg
/Users/fedorgracev/Desktop/NeuralNetwork/dl_lab1/top_new_dataset/train/train/Лук/197/ad2b056cc792463b807da1285ada5ba6.jpg,relabel,tinder_session:20260225_203059 source_class:Лук,Томаты,12,Лук,Лук/197/ad2b056cc792463b807da1285ada5ba6.jpg,Лук/197/ad2b056cc792463b807da1285ada5ba6.jpg
/Users/fedorgracev/Desktop/NeuralNetwork/dl_lab1/top_new_dataset/train/train/Лук/197/afe48a2b18a54a268de1824f1366e0c1.jpg,relabel,tinder_session:20260225_203059 source_class:Лук,Капуста,4,Лук,Лук/197/afe48a2b18a54a268de1824f1366e0c1.jpg,Лук/197/afe48a2b18a54a268de1824f1366e0c1.jpg
/Users/fedorgracev/Desktop/NeuralNetwork/dl_lab1/top_new_dataset/train/train/Лук/197/b645622618f34b72b5afd706537e9fca.jpg,relabel,tinder_session:20260225_203059 source_class:Лук,Яблоки красные,14,Лук,Лук/197/b645622618f34b72b5afd706537e9fca.jpg,Лук/197/b645622618f34b72b5afd706537e9fca.jpg
/Users/fedorgracev/Desktop/NeuralNetwork/dl_lab1/top_new_dataset/train/train/Лук/197/be106fedfe684ca0bed5734352ff249f.jpg,relabel,tinder_session:20260225_203059 source_class:Лук,Яблоки красные,14,Лук,Лук/197/be106fedfe684ca0bed5734352ff249f.jpg,Лук/197/be106fedfe684ca0bed5734352ff249f.jpg
/Users/fedorgracev/Desktop/NeuralNetwork/dl_lab1/top_new_dataset/train/train/Лук/197/c2133eab701f49f4ae015d9de8b3f611.jpg,relabel,tinder_session:20260225_203059 source_class:Лук,Яблоки красные,14,Лук,Лук/197/c2133eab701f49f4ae015d9de8b3f611.jpg,Лук/197/c2133eab701f49f4ae015d9de8b3f611.jpg
/Users/fedorgracev/Desktop/NeuralNetwork/dl_lab1/top_new_dataset/train/train/Лук/197/d70cf670ef3d447f8c4436a029748160.jpg,relabel,tinder_session:20260225_203059 source_class:Лук,Морковь,10,Лук,Лук/197/d70cf670ef3d447f8c4436a029748160.jpg,Лук/197/d70cf670ef3d447f8c4436a029748160.jpg
/Users/fedorgracev/Desktop/NeuralNetwork/dl_lab1/top_new_dataset/train/train/Лук/197/de731c0a5e12429f9e45beadf562b2a9.jpg,relabel,tinder_session:20260225_203059 source_class:Лук,Яблоки красные,14,Лук,Лук/197/de731c0a5e12429f9e45beadf562b2a9.jpg,Лук/197/de731c0a5e12429f9e45beadf562b2a9.jpg
/Users/fedorgracev/Desktop/NeuralNetwork/dl_lab1/top_new_dataset/train/train/Лук/197/debca622bacf4cbb8daf241fc374f0f9.jpg,relabel,tinder_session:20260225_203059 source_class:Лук,Картофель,5,Лук,Лук/197/debca622bacf4cbb8daf241fc374f0f9.jpg,Лук/197/debca622bacf4cbb8daf241fc374f0f9.jpg
/Users/fedorgracev/Desktop/NeuralNetwork/dl_lab1/top_new_dataset/train/train/Лук/197/e90f2720d31f43569bb5b65290aac9b1.jpg,relabel,tinder_session:20260225_203059 source_class:Лук,Морковь,10,Лук,Лук/197/e90f2720d31f43569bb5b65290aac9b1.jpg,Лук/197/e90f2720d31f43569bb5b65290aac9b1.jpg
/Users/fedorgracev/Desktop/NeuralNetwork/dl_lab1/top_new_dataset/train/train/Мандарины/34592/023dc32a41be45a685e2dc05ead16f67.jpg,relabel,tinder_session:20260225_203059 source_class:Мандарины,Томаты,12,Мандарины,Мандарины/34592/023dc32a41be45a685e2dc05ead16f67.jpg,Мандарины/34592/023dc32a41be45a685e2dc05ead16f67.jpg
/Users/fedorgracev/Desktop/NeuralNetwork/dl_lab1/top_new_dataset/train/train/Мандарины/34592/310b5f65084f4ee19f7f1e53c11778b0.jpg,relabel,tinder_session:20260225_203059 source_class:Мандарины,Апельсин,0,Мандарины,Мандарины/34592/310b5f65084f4ee19f7f1e53c11778b0.jpg,Мандарины/34592/310b5f65084f4ee19f7f1e53c11778b0.jpg
/Users/fedorgracev/Desktop/NeuralNetwork/dl_lab1/top_new_dataset/train/train/Мандарины/34592/549385dfc61c419e8a09fdfc2e701248.jpg,relabel,tinder_session:20260225_203059 source_class:Мандарины,Апельсин,0,Мандарины,Мандарины/34592/549385dfc61c419e8a09fdfc2e701248.jpg,Мандарины/34592/549385dfc61c419e8a09fdfc2e701248.jpg
/Users/fedorgracev/Desktop/NeuralNetwork/dl_lab1/top_new_dataset/train/train/Мандарины/34592/702b42c75dc8456ea8232bfe3cdd7506.jpg,relabel,tinder_session:20260225_203059 source_class:Мандарины,Томаты,12,Мандарины,Мандарины/34592/702b42c75dc8456ea8232bfe3cdd7506.jpg,Мандарины/34592/702b42c75dc8456ea8232bfe3cdd7506.jpg
/Users/fedorgracev/Desktop/NeuralNetwork/dl_lab1/top_new_dataset/train/train/Мандарины/34592/a8714fedb9984fb8af128dd433a3b9a5.jpg,relabel,tinder_session:20260225_203059 source_class:Мандарины,Апельсин,0,Мандарины,Мандарины/34592/a8714fedb9984fb8af128dd433a3b9a5.jpg,Мандарины/34592/a8714fedb9984fb8af128dd433a3b9a5.jpg
/Users/fedorgracev/Desktop/NeuralNetwork/dl_lab1/top_new_dataset/train/train/Мандарины/34592/b961c1c031414293a155f87976527260.jpg,relabel,tinder_session:20260225_203059 source_class:Мандарины,Апельсин,0,Мандарины,Мандарины/34592/b961c1c031414293a155f87976527260.jpg,Мандарины/34592/b961c1c031414293a155f87976527260.jpg
/Users/fedorgracev/Desktop/NeuralNetwork/dl_lab1/top_new_dataset/train/train/Мандарины/47642/091464b2d8a84b2ea4b025bb54a8f454.jpg,relabel,tinder_session:20260225_203059 source_class:Мандарины,Апельсин,0,Мандарины,Мандарины/47642/091464b2d8a84b2ea4b025bb54a8f454.jpg,Мандарины/47642/091464b2d8a84b2ea4b025bb54a8f454.jpg
/Users/fedorgracev/Desktop/NeuralNetwork/dl_lab1/top_new_dataset/train/train/Мандарины/47642/0db48f286267445d94956d51432e01a9.jpg,relabel,tinder_session:20260225_203059 source_class:Мандарины,Апельсин,0,Мандарины,Мандарины/47642/0db48f286267445d94956d51432e01a9.jpg,Мандарины/47642/0db48f286267445d94956d51432e01a9.jpg
/Users/fedorgracev/Desktop/NeuralNetwork/dl_lab1/top_new_dataset/train/train/Мандарины/47642/17a48d6778e24e869de7df634459ec5d.jpg,relabel,tinder_session:20260225_203059 source_class:Мандарины,Томаты,12,Мандарины,Мандарины/47642/17a48d6778e24e869de7df634459ec5d.jpg,Мандарины/47642/17a48d6778e24e869de7df634459ec5d.jpg
/Users/fedorgracev/Desktop/NeuralNetwork/dl_lab1/top_new_dataset/train/train/Мандарины/47642/26954c3150274670a3ccd40141390f69.jpg,relabel,tinder_session:20260225_203059 source_class:Мандарины,Томаты,12,Мандарины,Мандарины/47642/26954c3150274670a3ccd40141390f69.jpg,Мандарины/47642/26954c3150274670a3ccd40141390f69.jpg
/Users/fedorgracev/Desktop/NeuralNetwork/dl_lab1/top_new_dataset/train/train/Мандарины/47642/47bc918f6b2642d6bde4d783c35b309d.jpg,relabel,tinder_session:20260225_203059 source_class:Мандарины,Апельсин,0,Мандарины,Мандарины/47642/47bc918f6b2642d6bde4d783c35b309d.jpg,Мандарины/47642/47bc918f6b2642d6bde4d783c35b309d.jpg
/Users/fedorgracev/Desktop/NeuralNetwork/dl_lab1/top_new_dataset/train/train/Мандарины/47642/4dc747895d494019b8dbddce47b3efa2.jpg,relabel,tinder_session:20260225_203059 source_class:Мандарины,Томаты,12,Мандарины,Мандарины/47642/4dc747895d494019b8dbddce47b3efa2.jpg,Мандарины/47642/4dc747895d494019b8dbddce47b3efa2.jpg
/Users/fedorgracev/Desktop/NeuralNetwork/dl_lab1/top_new_dataset/train/train/Мандарины/47642/5240fafdf6d04220ae82363bbff44fd6.jpg,relabel,tinder_session:20260225_203059 source_class:Мандарины,Бананы,1,Мандарины,Мандарины/47642/5240fafdf6d04220ae82363bbff44fd6.jpg,Мандарины/47642/5240fafdf6d04220ae82363bbff44fd6.jpg
/Users/fedorgracev/Desktop/NeuralNetwork/dl_lab1/top_new_dataset/train/train/Мандарины/47642/550c2556dc994feba07612a867f24d70.jpg,relabel,tinder_session:20260225_203059 source_class:Мандарины,Апельсин,0,Мандарины,Мандарины/47642/550c2556dc994feba07612a867f24d70.jpg,Мандарины/47642/550c2556dc994feba07612a867f24d70.jpg
/Users/fedorgracev/Desktop/NeuralNetwork/dl_lab1/top_new_dataset/train/train/Мандарины/47642/5e2cd9eb2b1b434c8669289314bd0dc1.jpg,relabel,tinder_session:20260225_203059 source_class:Мандарины,Апельсин,0,Мандарины,Мандарины/47642/5e2cd9eb2b1b434c8669289314bd0dc1.jpg,Мандарины/47642/5e2cd9eb2b1b434c8669289314bd0dc1.jpg
/Users/fedorgracev/Desktop/NeuralNetwork/dl_lab1/top_new_dataset/train/train/Мандарины/47642/6b1f9b84fd24415dbfad81aa4dbb1e95.jpg,relabel,tinder_session:20260225_203059 source_class:Мандарины,Яблоки красные,14,Мандарины,Мандарины/47642/6b1f9b84fd24415dbfad81aa4dbb1e95.jpg,Мандарины/47642/6b1f9b84fd24415dbfad81aa4dbb1e95.jpg
/Users/fedorgracev/Desktop/NeuralNetwork/dl_lab1/top_new_dataset/train/train/Мандарины/47642/8f0629d36fc043cb87f108ec0ca82ae8.jpg,relabel,tinder_session:20260225_203059 source_class:Мандарины,Апельсин,0,Мандарины,Мандарины/47642/8f0629d36fc043cb87f108ec0ca82ae8.jpg,Мандарины/47642/8f0629d36fc043cb87f108ec0ca82ae8.jpg
/Users/fedorgracev/Desktop/NeuralNetwork/dl_lab1/top_new_dataset/train/train/Мандарины/47642/9105ae3771244a72ac6cb633f0731d5b.jpg,relabel,tinder_session:20260225_203059 source_class:Мандарины,Морковь,10,Мандарины,Мандарины/47642/9105ae3771244a72ac6cb633f0731d5b.jpg,Мандарины/47642/9105ae3771244a72ac6cb633f0731d5b.jpg
/Users/fedorgracev/Desktop/NeuralNetwork/dl_lab1/top_new_dataset/train/train/Мандарины/47642/9290e4757b7d4d929bcc80fdd62496b1.jpg,relabel,tinder_session:20260225_203059 source_class:Мандарины,Апельсин,0,Мандарины,Мандарины/47642/9290e4757b7d4d929bcc80fdd62496b1.jpg,Мандарины/47642/9290e4757b7d4d929bcc80fdd62496b1.jpg
/Users/fedorgracev/Desktop/NeuralNetwork/dl_lab1/top_new_dataset/train/train/Мандарины/47642/cfb6c006e38a40d2a4ffa3b28899a996.jpg,relabel,tinder_session:20260225_203059 source_class:Мандарины,Яблоки красные,14,Мандарины,Мандарины/47642/cfb6c006e38a40d2a4ffa3b28899a996.jpg,Мандарины/47642/cfb6c006e38a40d2a4ffa3b28899a996.jpg
/Users/fedorgracev/Desktop/NeuralNetwork/dl_lab1/top_new_dataset/train/train/Мандарины/53235/1837b2e074e94389abc612998220beed.jpg,relabel,tinder_session:20260225_203059 source_class:Мандарины,Апельсин,0,Мандарины,Мандарины/53235/1837b2e074e94389abc612998220beed.jpg,Мандарины/53235/1837b2e074e94389abc612998220beed.jpg
/Users/fedorgracev/Desktop/NeuralNetwork/dl_lab1/top_new_dataset/train/train/Морковь/2138999/0729a20854dd4e1496a63586197432c6.jpg,relabel,tinder_session:20260225_203059 source_class:Морковь,Картофель,5,Морковь,Морковь/2138999/0729a20854dd4e1496a63586197432c6.jpg,Морковь/2138999/0729a20854dd4e1496a63586197432c6.jpg
/Users/fedorgracev/Desktop/NeuralNetwork/dl_lab1/top_new_dataset/train/train/Морковь/2138999/082037cf2bfe4974899879c5a5f75646.jpg,relabel,tinder_session:20260225_203059 source_class:Морковь,Лук,8,Морковь,Морковь/2138999/082037cf2bfe4974899879c5a5f75646.jpg,Морковь/2138999/082037cf2bfe4974899879c5a5f75646.jpg
/Users/fedorgracev/Desktop/NeuralNetwork/dl_lab1/top_new_dataset/train/train/Морковь/2138999/1b9379ecd2da46a0a3ebb76cc9398076.jpg,relabel,tinder_session:20260225_203059 source_class:Морковь,Картофель,5,Морковь,Морковь/2138999/1b9379ecd2da46a0a3ebb76cc9398076.jpg,Морковь/2138999/1b9379ecd2da46a0a3ebb76cc9398076.jpg
/Users/fedorgracev/Desktop/NeuralNetwork/dl_lab1/top_new_dataset/train/train/Морковь/2138999/3ef3abca76a745e491482d414856b34e.jpg,relabel,tinder_session:20260225_203059 source_class:Морковь,Лук,8,Морковь,Морковь/2138999/3ef3abca76a745e491482d414856b34e.jpg,Морковь/2138999/3ef3abca76a745e491482d414856b34e.jpg
/Users/fedorgracev/Desktop/NeuralNetwork/dl_lab1/top_new_dataset/train/train/Морковь/2138999/405c1f6d26f84c659dce722e5a08b791.jpg,relabel,tinder_session:20260225_203059 source_class:Морковь,Огурцы,11,Морковь,Морковь/2138999/405c1f6d26f84c659dce722e5a08b791.jpg,Морковь/2138999/405c1f6d26f84c659dce722e5a08b791.jpg
/Users/fedorgracev/Desktop/NeuralNetwork/dl_lab1/top_new_dataset/train/train/Морковь/2138999/42735167570b4e939c89a5e03df3c5d4.jpg,relabel,tinder_session:20260225_203059 source_class:Морковь,Картофель,5,Морковь,Морковь/2138999/42735167570b4e939c89a5e03df3c5d4.jpg,Морковь/2138999/42735167570b4e939c89a5e03df3c5d4.jpg
/Users/fedorgracev/Desktop/NeuralNetwork/dl_lab1/top_new_dataset/train/train/Морковь/2138999/49ac17d48cc547098f7fd1a4dd2efc4a.jpg,relabel,tinder_session:20260225_203059 source_class:Морковь,Картофель,5,Морковь,Морковь/2138999/49ac17d48cc547098f7fd1a4dd2efc4a.jpg,Морковь/2138999/49ac17d48cc547098f7fd1a4dd2efc4a.jpg
/Users/fedorgracev/Desktop/NeuralNetwork/dl_lab1/top_new_dataset/train/train/Морковь/2138999/4ada3e16f5c74237bf6aff006fa663a3.jpg,relabel,tinder_session:20260225_203059 source_class:Морковь,Лук,8,Морковь,Морковь/2138999/4ada3e16f5c74237bf6aff006fa663a3.jpg,Морковь/2138999/4ada3e16f5c74237bf6aff006fa663a3.jpg
/Users/fedorgracev/Desktop/NeuralNetwork/dl_lab1/top_new_dataset/train/train/Морковь/2138999/748628348c44475993da6633f9b45f97.jpg,relabel,tinder_session:20260225_203059 source_class:Морковь,Лук,8,Морковь,Морковь/2138999/748628348c44475993da6633f9b45f97.jpg,Морковь/2138999/748628348c44475993da6633f9b45f97.jpg
/Users/fedorgracev/Desktop/NeuralNetwork/dl_lab1/top_new_dataset/train/train/Морковь/2138999/7daeaa1cae7647f2a48a4311a84f46ab.jpg,relabel,tinder_session:20260225_203059 source_class:Морковь,Картофель,5,Морковь,Морковь/2138999/7daeaa1cae7647f2a48a4311a84f46ab.jpg,Морковь/2138999/7daeaa1cae7647f2a48a4311a84f46ab.jpg
/Users/fedorgracev/Desktop/NeuralNetwork/dl_lab1/top_new_dataset/train/train/Морковь/2138999/8dac57b4bc5843d0b57a16c1676850ec.jpg,relabel,tinder_session:20260225_203059 source_class:Морковь,Лук,8,Морковь,Морковь/2138999/8dac57b4bc5843d0b57a16c1676850ec.jpg,Морковь/2138999/8dac57b4bc5843d0b57a16c1676850ec.jpg
/Users/fedorgracev/Desktop/NeuralNetwork/dl_lab1/top_new_dataset/train/train/Морковь/2138999/9997c75618f24c6ea07dc12de920eb96.jpg,relabel,tinder_session:20260225_203059 source_class:Морковь,Лук,8,Морковь,Морковь/2138999/9997c75618f24c6ea07dc12de920eb96.jpg,Морковь/2138999/9997c75618f24c6ea07dc12de920eb96.jpg
/Users/fedorgracev/Desktop/NeuralNetwork/dl_lab1/top_new_dataset/train/train/Морковь/2138999/a721e39a6c3f4d0f9054458576491e3d.jpg,relabel,tinder_session:20260225_203059 source_class:Морковь,Картофель,5,Морковь,Морковь/2138999/a721e39a6c3f4d0f9054458576491e3d.jpg,Морковь/2138999/a721e39a6c3f4d0f9054458576491e3d.jpg
/Users/fedorgracev/Desktop/NeuralNetwork/dl_lab1/top_new_dataset/train/train/Морковь/2138999/b965c7a84f5c42f69b0a860e5a8bf27a.jpg,relabel,tinder_session:20260225_203059 source_class:Морковь,Лук,8,Морковь,Морковь/2138999/b965c7a84f5c42f69b0a860e5a8bf27a.jpg,Морковь/2138999/b965c7a84f5c42f69b0a860e5a8bf27a.jpg
/Users/fedorgracev/Desktop/NeuralNetwork/dl_lab1/top_new_dataset/train/train/Морковь/2138999/cb74960d3c8c40a9bb82f5092bb79b73.jpg,relabel,tinder_session:20260225_203059 source_class:Морковь,Картофель,5,Морковь,Морковь/2138999/cb74960d3c8c40a9bb82f5092bb79b73.jpg,Морковь/2138999/cb74960d3c8c40a9bb82f5092bb79b73.jpg
/Users/fedorgracev/Desktop/NeuralNetwork/dl_lab1/top_new_dataset/train/train/Морковь/2138999/d472da2b5fb8486ebe2721908110720f.jpg,relabel,tinder_session:20260225_203059 source_class:Морковь,Картофель,5,Морковь,Морковь/2138999/d472da2b5fb8486ebe2721908110720f.jpg,Морковь/2138999/d472da2b5fb8486ebe2721908110720f.jpg
/Users/fedorgracev/Desktop/NeuralNetwork/dl_lab1/top_new_dataset/train/train/Морковь/2138999/dd8aa0244af54d51906651f36fcda39e.jpg,relabel,tinder_session:20260225_203059 source_class:Морковь,Картофель,5,Морковь,Морковь/2138999/dd8aa0244af54d51906651f36fcda39e.jpg,Морковь/2138999/dd8aa0244af54d51906651f36fcda39e.jpg
/Users/fedorgracev/Desktop/NeuralNetwork/dl_lab1/top_new_dataset/train/train/Морковь/2138999/e9e4b223fb2e4b8a8e0a55aaa11f8247.jpg,relabel,tinder_session:20260225_203059 source_class:Морковь,Картофель,5,Морковь,Морковь/2138999/e9e4b223fb2e4b8a8e0a55aaa11f8247.jpg,Морковь/2138999/e9e4b223fb2e4b8a8e0a55aaa11f8247.jpg
/Users/fedorgracev/Desktop/NeuralNetwork/dl_lab1/top_new_dataset/train/train/Морковь/2138999/ed782464ba0f41c394921c7020b4e7fa.jpg,relabel,tinder_session:20260225_203059 source_class:Морковь,Картофель,5,Морковь,Морковь/2138999/ed782464ba0f41c394921c7020b4e7fa.jpg,Морковь/2138999/ed782464ba0f41c394921c7020b4e7fa.jpg
/Users/fedorgracev/Desktop/NeuralNetwork/dl_lab1/top_new_dataset/train/train/Морковь/2138999/efa4f4aa5adf41ee9805b89f1634f018.jpg,relabel,tinder_session:20260225_203059 source_class:Морковь,Лук,8,Морковь,Морковь/2138999/efa4f4aa5adf41ee9805b89f1634f018.jpg,Морковь/2138999/efa4f4aa5adf41ee9805b89f1634f018.jpg
/Users/fedorgracev/Desktop/NeuralNetwork/dl_lab1/top_new_dataset/train/train/Морковь/2138999/fbf074ead6124aca8d584c90b1278671.jpg,relabel,tinder_session:20260225_203059 source_class:Морковь,Картофель,5,Морковь,Морковь/2138999/fbf074ead6124aca8d584c90b1278671.jpg,Морковь/2138999/fbf074ead6124aca8d584c90b1278671.jpg
/Users/fedorgracev/Desktop/NeuralNetwork/dl_lab1/top_new_dataset/train/train/Огурцы/4314547/0cd3c805855a42c78241b5396a297761.jpg,relabel,tinder_session:20260225_203059 source_class:Огурцы,Картофель,5,Огурцы,Огурцы/4314547/0cd3c805855a42c78241b5396a297761.jpg,Огурцы/4314547/0cd3c805855a42c78241b5396a297761.jpg
/Users/fedorgracev/Desktop/NeuralNetwork/dl_lab1/top_new_dataset/train/train/Огурцы/4314547/1ee9bae0e9604050947e07ed7b03d913.jpg,relabel,tinder_session:20260225_203059 source_class:Огурцы,Картофель,5,Огурцы,Огурцы/4314547/1ee9bae0e9604050947e07ed7b03d913.jpg,Огурцы/4314547/1ee9bae0e9604050947e07ed7b03d913.jpg
/Users/fedorgracev/Desktop/NeuralNetwork/dl_lab1/top_new_dataset/train/train/Огурцы/4314547/4daa20865a6d4804a3ef7b4940e26bfe.jpg,relabel,tinder_session:20260225_203059 source_class:Огурцы,Картофель,5,Огурцы,Огурцы/4314547/4daa20865a6d4804a3ef7b4940e26bfe.jpg,Огурцы/4314547/4daa20865a6d4804a3ef7b4940e26bfe.jpg
/Users/fedorgracev/Desktop/NeuralNetwork/dl_lab1/top_new_dataset/train/train/Огурцы/4314547/9c4a7cb4c4794359b7a2dd421e0bb39f.jpg,relabel,tinder_session:20260225_203059 source_class:Огурцы,Картофель,5,Огурцы,Огурцы/4314547/9c4a7cb4c4794359b7a2dd421e0bb39f.jpg,Огурцы/4314547/9c4a7cb4c4794359b7a2dd421e0bb39f.jpg
/Users/fedorgracev/Desktop/NeuralNetwork/dl_lab1/top_new_dataset/train/train/Томаты/202/0bd168ce67ba4f749e86f15eca77f5db.jpg,relabel,tinder_session:20260225_203059 source_class:Томаты,Яблоки красные,14,Томаты,Томаты/202/0bd168ce67ba4f749e86f15eca77f5db.jpg,Томаты/202/0bd168ce67ba4f749e86f15eca77f5db.jpg
/Users/fedorgracev/Desktop/NeuralNetwork/dl_lab1/top_new_dataset/train/train/Томаты/202/17d4cf88d04a4749be054ad3ab5a9da7.jpg,relabel,tinder_session:20260225_203059 source_class:Томаты,Мандарины,9,Томаты,Томаты/202/17d4cf88d04a4749be054ad3ab5a9da7.jpg,Томаты/202/17d4cf88d04a4749be054ad3ab5a9da7.jpg
/Users/fedorgracev/Desktop/NeuralNetwork/dl_lab1/top_new_dataset/train/train/Томаты/202/a6c679c573144747903c50e529a041c7.jpg,relabel,tinder_session:20260225_203059 source_class:Томаты,Яблоки красные,14,Томаты,Томаты/202/a6c679c573144747903c50e529a041c7.jpg,Томаты/202/a6c679c573144747903c50e529a041c7.jpg
/Users/fedorgracev/Desktop/NeuralNetwork/dl_lab1/top_new_dataset/train/train/Томаты/4221768/a65406e010d6432481cab2e55f9fc65b.jpg,relabel,tinder_session:20260225_203059 source_class:Томаты,Яблоки красные,14,Томаты,Томаты/4221768/a65406e010d6432481cab2e55f9fc65b.jpg,Томаты/4221768/a65406e010d6432481cab2e55f9fc65b.jpg
/Users/fedorgracev/Desktop/NeuralNetwork/dl_lab1/top_new_dataset/train/train/Яблоки зелёные/4125676/2c88037c110548c2be2b652a8d970a54.jpg,relabel,tinder_session:20260225_203059 source_class:Яблоки зелёные,Яблоки красные,14,Яблоки зелёные,Яблоки зелёные/4125676/2c88037c110548c2be2b652a8d970a54.jpg,Яблоки зелёные/4125676/2c88037c110548c2be2b652a8d970a54.jpg
/Users/fedorgracev/Desktop/NeuralNetwork/dl_lab1/top_new_dataset/train/train/Яблоки зелёные/4125677/49951479b49c415180f59d65b0355725.jpg,relabel,tinder_session:20260225_203059 source_class:Яблоки зелёные,Бананы,1,Яблоки зелёные,Яблоки зелёные/4125677/49951479b49c415180f59d65b0355725.jpg,Яблоки зелёные/4125677/49951479b49c415180f59d65b0355725.jpg
/Users/fedorgracev/Desktop/NeuralNetwork/dl_lab1/top_new_dataset/train/train/Яблоки зелёные/4125677/555725c10408450294d7b903e2fed680.jpg,relabel,tinder_session:20260225_203059 source_class:Яблоки зелёные,Бананы,1,Яблоки зелёные,Яблоки зелёные/4125677/555725c10408450294d7b903e2fed680.jpg,Яблоки зелёные/4125677/555725c10408450294d7b903e2fed680.jpg
/Users/fedorgracev/Desktop/NeuralNetwork/dl_lab1/top_new_dataset/train/train/Яблоки зелёные/4125677/d90c8589180f4299ab4cc6b6058a72e6.jpg,relabel,tinder_session:20260225_203059 source_class:Яблоки зелёные,Бананы,1,Яблоки зелёные,Яблоки зелёные/4125677/d90c8589180f4299ab4cc6b6058a72e6.jpg,Яблоки зелёные/4125677/d90c8589180f4299ab4cc6b6058a72e6.jpg
/Users/fedorgracev/Desktop/NeuralNetwork/dl_lab1/top_new_dataset/train/train/Яблоки зелёные/48188/3924066a255a43fa9779b3603b96646a.jpg,relabel,tinder_session:20260225_203059 source_class:Яблоки зелёные,Лимон,7,Яблоки зелёные,Яблоки зелёные/48188/3924066a255a43fa9779b3603b96646a.jpg,Яблоки зелёные/48188/3924066a255a43fa9779b3603b96646a.jpg
/Users/fedorgracev/Desktop/NeuralNetwork/dl_lab1/top_new_dataset/train/train/Яблоки зелёные/48188/4c0973c4c2fa4c11828a53667879c98e.jpg,relabel,tinder_session:20260225_203059 source_class:Яблоки зелёные,Бананы,1,Яблоки зелёные,Яблоки зелёные/48188/4c0973c4c2fa4c11828a53667879c98e.jpg,Яблоки зелёные/48188/4c0973c4c2fa4c11828a53667879c98e.jpg
/Users/fedorgracev/Desktop/NeuralNetwork/dl_lab1/top_new_dataset/train/train/Яблоки зелёные/48188/527163cbd9fc42089dd1b3ff2374ad69.jpg,relabel,tinder_session:20260225_203059 source_class:Яблоки зелёные,Киви,6,Яблоки зелёные,Яблоки зелёные/48188/527163cbd9fc42089dd1b3ff2374ad69.jpg,Яблоки зелёные/48188/527163cbd9fc42089dd1b3ff2374ad69.jpg
/Users/fedorgracev/Desktop/NeuralNetwork/dl_lab1/top_new_dataset/train/train/Яблоки зелёные/48188/67c62fda657945f787148316de4beb38.jpg,relabel,tinder_session:20260225_203059 source_class:Яблоки зелёные,Бананы,1,Яблоки зелёные,Яблоки зелёные/48188/67c62fda657945f787148316de4beb38.jpg,Яблоки зелёные/48188/67c62fda657945f787148316de4beb38.jpg
/Users/fedorgracev/Desktop/NeuralNetwork/dl_lab1/top_new_dataset/train/train/Яблоки зелёные/48188/74adf4ea196146eab206b52b1606e890.jpg,relabel,tinder_session:20260225_203059 source_class:Яблоки зелёные,Груши,2,Яблоки зелёные,Яблоки зелёные/48188/74adf4ea196146eab206b52b1606e890.jpg,Яблоки зелёные/48188/74adf4ea196146eab206b52b1606e890.jpg
/Users/fedorgracev/Desktop/NeuralNetwork/dl_lab1/top_new_dataset/train/train/Яблоки зелёные/48188/75a4e0c09f594af3b820e65bbc683a7d.jpg,relabel,tinder_session:20260225_203059 source_class:Яблоки зелёные,Яблоки красные,14,Яблоки зелёные,Яблоки зелёные/48188/75a4e0c09f594af3b820e65bbc683a7d.jpg,Яблоки зелёные/48188/75a4e0c09f594af3b820e65bbc683a7d.jpg
/Users/fedorgracev/Desktop/NeuralNetwork/dl_lab1/top_new_dataset/train/train/Яблоки зелёные/48188/83fcefd6e3f44d38965dd0fb1a64fc82.jpg,relabel,tinder_session:20260225_203059 source_class:Яблоки зелёные,Лимон,7,Яблоки зелёные,Яблоки зелёные/48188/83fcefd6e3f44d38965dd0fb1a64fc82.jpg,Яблоки зелёные/48188/83fcefd6e3f44d38965dd0fb1a64fc82.jpg
/Users/fedorgracev/Desktop/NeuralNetwork/dl_lab1/top_new_dataset/train/train/Яблоки зелёные/48188/8ae48dc39a3b42e7bba670b6987dd4f0.jpg,relabel,tinder_session:20260225_203059 source_class:Яблоки зелёные,Лимон,7,Яблоки зелёные,Яблоки зелёные/48188/8ae48dc39a3b42e7bba670b6987dd4f0.jpg,Яблоки зелёные/48188/8ae48dc39a3b42e7bba670b6987dd4f0.jpg
/Users/fedorgracev/Desktop/NeuralNetwork/dl_lab1/top_new_dataset/train/train/Яблоки зелёные/48188/d2050e5b8f464c1ca2d316c117efef52.jpg,relabel,tinder_session:20260225_203059 source_class:Яблоки зелёные,Яблоки красные,14,Яблоки зелёные,Яблоки зелёные/48188/d2050e5b8f464c1ca2d316c117efef52.jpg,Яблоки зелёные/48188/d2050e5b8f464c1ca2d316c117efef52.jpg
/Users/fedorgracev/Desktop/NeuralNetwork/dl_lab1/top_new_dataset/train/train/Яблоки зелёные/5793/890cca05e30d482686ee52de953923d5.jpg,relabel,tinder_session:20260225_203059 source_class:Яблоки зелёные,Капуста,4,Яблоки зелёные,Яблоки зелёные/5793/890cca05e30d482686ee52de953923d5.jpg,Яблоки зелёные/5793/890cca05e30d482686ee52de953923d5.jpg
/Users/fedorgracev/Desktop/NeuralNetwork/dl_lab1/top_new_dataset/train/train/Яблоки зелёные/5793/96c259cb25fb4cb0abe1fe73baf5d4df.jpg,relabel,tinder_session:20260225_203059 source_class:Яблоки зелёные,Кабачки,3,Яблоки зелёные,Яблоки зелёные/5793/96c259cb25fb4cb0abe1fe73baf5d4df.jpg,Яблоки зелёные/5793/96c259cb25fb4cb0abe1fe73baf5d4df.jpg
/Users/fedorgracev/Desktop/NeuralNetwork/dl_lab1/top_new_dataset/train/train/Яблоки красные/48637/ce3e123737c64f7e9d510fc299cbcdaa.jpg,relabel,tinder_session:20260225_203059 source_class:Яблоки красные,Томаты,12,Яблоки красные,Яблоки красные/48637/ce3e123737c64f7e9d510fc299cbcdaa.jpg,Яблоки красные/48637/ce3e123737c64f7e9d510fc299cbcdaa.jpg
/Users/fedorgracev/Desktop/NeuralNetwork/dl_lab1/top_new_dataset/train/train/Яблоки красные/807/0cda80ca54d04c4f8eb4abb8598bd8d5.jpg,relabel,tinder_session:20260225_203059 source_class:Яблоки красные,Апельсин,0,Яблоки красные,Яблоки красные/807/0cda80ca54d04c4f8eb4abb8598bd8d5.jpg,Яблоки красные/807/0cda80ca54d04c4f8eb4abb8598bd8d5.jpg
/Users/fedorgracev/Desktop/NeuralNetwork/dl_lab1/top_new_dataset/train/train/Яблоки красные/807/0d452241c5ce4a59afcb17b8ec3084d4.jpg,relabel,tinder_session:20260225_203059 source_class:Яблоки красные,Томаты,12,Яблоки красные,Яблоки красные/807/0d452241c5ce4a59afcb17b8ec3084d4.jpg,Яблоки красные/807/0d452241c5ce4a59afcb17b8ec3084d4.jpg
/Users/fedorgracev/Desktop/NeuralNetwork/dl_lab1/top_new_dataset/train/train/Яблоки красные/807/13253e8b569d4034a166b8e880f5c052.jpg,relabel,tinder_session:20260225_203059 source_class:Яблоки красные,Яблоки зелёные,13,Яблоки красные,Яблоки красные/807/13253e8b569d4034a166b8e880f5c052.jpg,Яблоки красные/807/13253e8b569d4034a166b8e880f5c052.jpg
/Users/fedorgracev/Desktop/NeuralNetwork/dl_lab1/top_new_dataset/train/train/Яблоки красные/807/32776374f39c4cf98b63f041e3d2e972.jpg,relabel,tinder_session:20260225_203059 source_class:Яблоки красные,Яблоки зелёные,13,Яблоки красные,Яблоки красные/807/32776374f39c4cf98b63f041e3d2e972.jpg,Яблоки красные/807/32776374f39c4cf98b63f041e3d2e972.jpg
/Users/fedorgracev/Desktop/NeuralNetwork/dl_lab1/top_new_dataset/train/train/Яблоки красные/807/501f766500884e88bfcc06391faf3240.jpg,relabel,tinder_session:20260225_203059 source_class:Яблоки красные,Бананы,1,Яблоки красные,Яблоки красные/807/501f766500884e88bfcc06391faf3240.jpg,Яблоки красные/807/501f766500884e88bfcc06391faf3240.jpg
/Users/fedorgracev/Desktop/NeuralNetwork/dl_lab1/top_new_dataset/train/train/Яблоки красные/807/5605fcb4b790461cb384eb5215647da6.jpg,relabel,tinder_session:20260225_203059 source_class:Яблоки красные,Мандарины,9,Яблоки красные,Яблоки красные/807/5605fcb4b790461cb384eb5215647da6.jpg,Яблоки красные/807/5605fcb4b790461cb384eb5215647da6.jpg
/Users/fedorgracev/Desktop/NeuralNetwork/dl_lab1/top_new_dataset/train/train/Яблоки красные/807/7de7ef6958f145b09c7707a90a6867af.jpg,relabel,tinder_session:20260225_203059 source_class:Яблоки красные,Мандарины,9,Яблоки красные,Яблоки красные/807/7de7ef6958f145b09c7707a90a6867af.jpg,Яблоки красные/807/7de7ef6958f145b09c7707a90a6867af.jpg
/Users/fedorgracev/Desktop/NeuralNetwork/dl_lab1/top_new_dataset/train/train/Яблоки красные/807/8aac3aeba3bd4f29a488573b2c95175b.jpg,relabel,tinder_session:20260225_203059 source_class:Яблоки красные,Яблоки зелёные,13,Яблоки красные,Яблоки красные/807/8aac3aeba3bd4f29a488573b2c95175b.jpg,Яблоки красные/807/8aac3aeba3bd4f29a488573b2c95175b.jpg
/Users/fedorgracev/Desktop/NeuralNetwork/dl_lab1/top_new_dataset/train/train/Яблоки красные/807/caefa5ee64624e628f59a92608562e24.jpg,relabel,tinder_session:20260225_203059 source_class:Яблоки красные,Яблоки зелёные,13,Яблоки красные,Яблоки красные/807/caefa5ee64624e628f59a92608562e24.jpg,Яблоки красные/807/caefa5ee64624e628f59a92608562e24.jpg
/Users/fedorgracev/Desktop/NeuralNetwork/dl_lab1/top_new_dataset/train/train/Апельсин/60526/5670985b954d460ea6921accb967b6eb.jpg,trash,tinder_session:20260225_203059 source_class:Апельсин,,,Апельсин,Апельсин/60526/5670985b954d460ea6921accb967b6eb.jpg,Апельсин/60526/5670985b954d460ea6921accb967b6eb.jpg
/Users/fedorgracev/Desktop/NeuralNetwork/dl_lab1/top_new_dataset/train/train/Апельсин/60526/770602dcf55d400198dd209b8bc6ec2a.jpg,trash,tinder_session:20260225_203059 source_class:Апельсин,,,Апельсин,Апельсин/60526/770602dcf55d400198dd209b8bc6ec2a.jpg,Апельсин/60526/770602dcf55d400198dd209b8bc6ec2a.jpg
/Users/fedorgracev/Desktop/NeuralNetwork/dl_lab1/top_new_dataset/train/train/Апельсин/78650/7de015e8c36e4a208ca6f664b02172d4.jpg,trash,tinder_session:20260225_203059 source_class:Апельсин,,,Апельсин,Апельсин/78650/7de015e8c36e4a208ca6f664b02172d4.jpg,Апельсин/78650/7de015e8c36e4a208ca6f664b02172d4.jpg
/Users/fedorgracev/Desktop/NeuralNetwork/dl_lab1/top_new_dataset/train/train/Апельсин/78650/982cd8eb885d4504bf05100c633e5124.jpg,trash,tinder_session:20260225_203059 source_class:Апельсин,,,Апельсин,Апельсин/78650/982cd8eb885d4504bf05100c633e5124.jpg,Апельсин/78650/982cd8eb885d4504bf05100c633e5124.jpg
/Users/fedorgracev/Desktop/NeuralNetwork/dl_lab1/top_new_dataset/train/train/Бананы/809/954beed901e44a1e8dc0ad1a70c7f74f.jpg,trash,tinder_session:20260225_203059 source_class:Бананы,,,Бананы,Бананы/809/954beed901e44a1e8dc0ad1a70c7f74f.jpg,Бананы/809/954beed901e44a1e8dc0ad1a70c7f74f.jpg
/Users/fedorgracev/Desktop/NeuralNetwork/dl_lab1/top_new_dataset/train/train/Бананы/809/a60989757bb94cc4b649963d1cde33ff.jpg,trash,tinder_session:20260225_203059 source_class:Бананы,,,Бананы,Бананы/809/a60989757bb94cc4b649963d1cde33ff.jpg,Бананы/809/a60989757bb94cc4b649963d1cde33ff.jpg
/Users/fedorgracev/Desktop/NeuralNetwork/dl_lab1/top_new_dataset/train/train/Бананы/809/f52e9f51b8824bc699a3eb985b81fa46.jpg,trash,tinder_session:20260225_203059 source_class:Бананы,,,Бананы,Бананы/809/f52e9f51b8824bc699a3eb985b81fa46.jpg,Бананы/809/f52e9f51b8824bc699a3eb985b81fa46.jpg
/Users/fedorgracev/Desktop/NeuralNetwork/dl_lab1/top_new_dataset/train/train/Бананы/809/fe5fd97af9bd48dba6d366604f9231e3.jpg,trash,tinder_session:20260225_203059 source_class:Бананы,,,Бананы,Бананы/809/fe5fd97af9bd48dba6d366604f9231e3.jpg,Бананы/809/fe5fd97af9bd48dba6d366604f9231e3.jpg
/Users/fedorgracev/Desktop/NeuralNetwork/dl_lab1/top_new_dataset/train/train/Груши/50911/55fe657883c44e24ae8a93af9fdb6630.jpg,trash,tinder_session:20260225_203059 source_class:Груши,,,Груши,Груши/50911/55fe657883c44e24ae8a93af9fdb6630.jpg,Груши/50911/55fe657883c44e24ae8a93af9fdb6630.jpg
/Users/fedorgracev/Desktop/NeuralNetwork/dl_lab1/top_new_dataset/train/train/Груши/50911/96552c320ef74777ac7a66638214b491.jpg,trash,tinder_session:20260225_203059 source_class:Груши,,,Груши,Груши/50911/96552c320ef74777ac7a66638214b491.jpg,Груши/50911/96552c320ef74777ac7a66638214b491.jpg
/Users/fedorgracev/Desktop/NeuralNetwork/dl_lab1/top_new_dataset/train/train/Груши/50911/b61690376de14077933a12f166b7c17c.jpg,trash,tinder_session:20260225_203059 source_class:Груши,,,Груши,Груши/50911/b61690376de14077933a12f166b7c17c.jpg,Груши/50911/b61690376de14077933a12f166b7c17c.jpg
/Users/fedorgracev/Desktop/NeuralNetwork/dl_lab1/top_new_dataset/train/train/Груши/57165/c819e4cfcc704ed5b06f27a9273b31dd.jpg,trash,tinder_session:20260225_203059 source_class:Груши,,,Груши,Груши/57165/c819e4cfcc704ed5b06f27a9273b31dd.jpg,Груши/57165/c819e4cfcc704ed5b06f27a9273b31dd.jpg
/Users/fedorgracev/Desktop/NeuralNetwork/dl_lab1/top_new_dataset/train/train/Кабачки/3965/17ed0a7b936c4977883b7ea5c8b3ec1b.jpg,trash,tinder_session:20260225_203059 source_class:Кабачки,,,Кабачки,Кабачки/3965/17ed0a7b936c4977883b7ea5c8b3ec1b.jpg,Кабачки/3965/17ed0a7b936c4977883b7ea5c8b3ec1b.jpg
/Users/fedorgracev/Desktop/NeuralNetwork/dl_lab1/top_new_dataset/train/train/Капуста/198/03096972cd65496caf83674e2cb73ce0.jpg,trash,tinder_session:20260225_203059 source_class:Капуста,,,Капуста,Капуста/198/03096972cd65496caf83674e2cb73ce0.jpg,Капуста/198/03096972cd65496caf83674e2cb73ce0.jpg
/Users/fedorgracev/Desktop/NeuralNetwork/dl_lab1/top_new_dataset/train/train/Капуста/198/09155ed87a99422390c8bf28b294db9d.jpg,trash,tinder_session:20260225_203059 source_class:Капуста,,,Капуста,Капуста/198/09155ed87a99422390c8bf28b294db9d.jpg,Капуста/198/09155ed87a99422390c8bf28b294db9d.jpg
/Users/fedorgracev/Desktop/NeuralNetwork/dl_lab1/top_new_dataset/train/train/Капуста/198/45b44e99eeb4468387124d89c14662d1.jpg,trash,tinder_session:20260225_203059 source_class:Капуста,,,Капуста,Капуста/198/45b44e99eeb4468387124d89c14662d1.jpg,Капуста/198/45b44e99eeb4468387124d89c14662d1.jpg
/Users/fedorgracev/Desktop/NeuralNetwork/dl_lab1/top_new_dataset/train/train/Капуста/198/a3c743dfbede46d695e3c9d3ddc64a56.jpg,trash,tinder_session:20260225_203059 source_class:Капуста,,,Капуста,Капуста/198/a3c743dfbede46d695e3c9d3ddc64a56.jpg,Капуста/198/a3c743dfbede46d695e3c9d3ddc64a56.jpg
/Users/fedorgracev/Desktop/NeuralNetwork/dl_lab1/top_new_dataset/train/train/Капуста/198/b7200b1da000430a969f7aa4cacee346.jpg,trash,tinder_session:20260225_203059 source_class:Капуста,,,Капуста,Капуста/198/b7200b1da000430a969f7aa4cacee346.jpg,Капуста/198/b7200b1da000430a969f7aa4cacee346.jpg
/Users/fedorgracev/Desktop/NeuralNetwork/dl_lab1/top_new_dataset/train/train/Картофель/3953590/598867a8bf7749878234cbe61f742876.jpg,trash,tinder_session:20260225_203059 source_class:Картофель,,,Картофель,Картофель/3953590/598867a8bf7749878234cbe61f742876.jpg,Картофель/3953590/598867a8bf7749878234cbe61f742876.jpg
/Users/fedorgracev/Desktop/NeuralNetwork/dl_lab1/top_new_dataset/train/train/Картофель/3953590/dd23041a01db42dbbe9a127943ab77bf.jpg,trash,tinder_session:20260225_203059 source_class:Картофель,,,Картофель,Картофель/3953590/dd23041a01db42dbbe9a127943ab77bf.jpg,Картофель/3953590/dd23041a01db42dbbe9a127943ab77bf.jpg
/Users/fedorgracev/Desktop/NeuralNetwork/dl_lab1/top_new_dataset/train/train/Киви/78647/9a29e2cbe26c4811b69166fbffe2194c.jpg,trash,tinder_session:20260225_203059 source_class:Киви,,,Киви,Киви/78647/9a29e2cbe26c4811b69166fbffe2194c.jpg,Киви/78647/9a29e2cbe26c4811b69166fbffe2194c.jpg
/Users/fedorgracev/Desktop/NeuralNetwork/dl_lab1/top_new_dataset/train/train/Лимон/3294954/5040ef0c31854eb29b0c451fd7f2e467.jpg,trash,tinder_session:20260225_203059 source_class:Лимон,,,Лимон,Лимон/3294954/5040ef0c31854eb29b0c451fd7f2e467.jpg,Лимон/3294954/5040ef0c31854eb29b0c451fd7f2e467.jpg
/Users/fedorgracev/Desktop/NeuralNetwork/dl_lab1/top_new_dataset/train/train/Лимон/3294954/5ede202982834645903ebc54eb0afa34.jpg,trash,tinder_session:20260225_203059 source_class:Лимон,,,Лимон,Лимон/3294954/5ede202982834645903ebc54eb0afa34.jpg,Лимон/3294954/5ede202982834645903ebc54eb0afa34.jpg
/Users/fedorgracev/Desktop/NeuralNetwork/dl_lab1/top_new_dataset/train/train/Лимон/3294954/6340280115cb41b59e387c4d869d7d68.jpg,trash,tinder_session:20260225_203059 source_class:Лимон,,,Лимон,Лимон/3294954/6340280115cb41b59e387c4d869d7d68.jpg,Лимон/3294954/6340280115cb41b59e387c4d869d7d68.jpg
/Users/fedorgracev/Desktop/NeuralNetwork/dl_lab1/top_new_dataset/train/train/Лимон/3294954/b3a4d2d111ab41e09773dd39afaea856.jpg,trash,tinder_session:20260225_203059 source_class:Лимон,,,Лимон,Лимон/3294954/b3a4d2d111ab41e09773dd39afaea856.jpg,Лимон/3294954/b3a4d2d111ab41e09773dd39afaea856.jpg
/Users/fedorgracev/Desktop/NeuralNetwork/dl_lab1/top_new_dataset/train/train/Лимон/3294954/be66db9e2068442b99580268e920e763.jpg,trash,tinder_session:20260225_203059 source_class:Лимон,,,Лимон,Лимон/3294954/be66db9e2068442b99580268e920e763.jpg,Лимон/3294954/be66db9e2068442b99580268e920e763.jpg
/Users/fedorgracev/Desktop/NeuralNetwork/dl_lab1/top_new_dataset/train/train/Лимон/3294954/ef078ef8d7d84ba2bb493dbdce92905e.jpg,trash,tinder_session:20260225_203059 source_class:Лимон,,,Лимон,Лимон/3294954/ef078ef8d7d84ba2bb493dbdce92905e.jpg,Лимон/3294954/ef078ef8d7d84ba2bb493dbdce92905e.jpg
/Users/fedorgracev/Desktop/NeuralNetwork/dl_lab1/top_new_dataset/train/train/Лук/197/1cec31b69fac4577b6a6fbef94f34961.jpg,trash,tinder_session:20260225_203059 source_class:Лук,,,Лук,Лук/197/1cec31b69fac4577b6a6fbef94f34961.jpg,Лук/197/1cec31b69fac4577b6a6fbef94f34961.jpg
/Users/fedorgracev/Desktop/NeuralNetwork/dl_lab1/top_new_dataset/train/train/Лук/197/5078c74c53c34484bd7f8930a3e3f2ac.jpg,trash,tinder_session:20260225_203059 source_class:Лук,,,Лук,Лук/197/5078c74c53c34484bd7f8930a3e3f2ac.jpg,Лук/197/5078c74c53c34484bd7f8930a3e3f2ac.jpg
/Users/fedorgracev/Desktop/NeuralNetwork/dl_lab1/top_new_dataset/train/train/Лук/197/8cb51bd148034888b7491cc1ae3cf07a.jpg,trash,tinder_session:20260225_203059 source_class:Лук,,,Лук,Лук/197/8cb51bd148034888b7491cc1ae3cf07a.jpg,Лук/197/8cb51bd148034888b7491cc1ae3cf07a.jpg
/Users/fedorgracev/Desktop/NeuralNetwork/dl_lab1/top_new_dataset/train/train/Лук/197/9c1f021ba8dd43c2b5b7766b6698e4c2.jpg,trash,tinder_session:20260225_203059 source_class:Лук,,,Лук,Лук/197/9c1f021ba8dd43c2b5b7766b6698e4c2.jpg,Лук/197/9c1f021ba8dd43c2b5b7766b6698e4c2.jpg
/Users/fedorgracev/Desktop/NeuralNetwork/dl_lab1/top_new_dataset/train/train/Мандарины/4390605/954621ef4a6b42209d604529513ea03c.jpg,trash,tinder_session:20260225_203059 source_class:Мандарины,,,Мандарины,Мандарины/4390605/954621ef4a6b42209d604529513ea03c.jpg,Мандарины/4390605/954621ef4a6b42209d604529513ea03c.jpg
/Users/fedorgracev/Desktop/NeuralNetwork/dl_lab1/top_new_dataset/train/train/Мандарины/4390605/f2a50062e38145bc981bfb20f3c673ed.jpg,trash,tinder_session:20260225_203059 source_class:Мандарины,,,Мандарины,Мандарины/4390605/f2a50062e38145bc981bfb20f3c673ed.jpg,Мандарины/4390605/f2a50062e38145bc981bfb20f3c673ed.jpg
/Users/fedorgracev/Desktop/NeuralNetwork/dl_lab1/top_new_dataset/train/train/Мандарины/47642/6cc06c7be84b4b76877f10e5cb1658d5.jpg,trash,tinder_session:20260225_203059 source_class:Мандарины,,,Мандарины,Мандарины/47642/6cc06c7be84b4b76877f10e5cb1658d5.jpg,Мандарины/47642/6cc06c7be84b4b76877f10e5cb1658d5.jpg
/Users/fedorgracev/Desktop/NeuralNetwork/dl_lab1/top_new_dataset/train/train/Мандарины/47642/a444cc034813459bb1ba93b793baa3fc.jpg,trash,tinder_session:20260225_203059 source_class:Мандарины,,,Мандарины,Мандарины/47642/a444cc034813459bb1ba93b793baa3fc.jpg,Мандарины/47642/a444cc034813459bb1ba93b793baa3fc.jpg
/Users/fedorgracev/Desktop/NeuralNetwork/dl_lab1/top_new_dataset/train/train/Мандарины/47642/e96ff53535fe49f7ae754926482ea839.jpg,trash,tinder_session:20260225_203059 source_class:Мандарины,,,Мандарины,Мандарины/47642/e96ff53535fe49f7ae754926482ea839.jpg,Мандарины/47642/e96ff53535fe49f7ae754926482ea839.jpg
/Users/fedorgracev/Desktop/NeuralNetwork/dl_lab1/top_new_dataset/train/train/Огурцы/4314547/5af6dd99a7604cfda09a44dce7984b6b.jpg,trash,tinder_session:20260225_203059 source_class:Огурцы,,,Огурцы,Огурцы/4314547/5af6dd99a7604cfda09a44dce7984b6b.jpg,Огурцы/4314547/5af6dd99a7604cfda09a44dce7984b6b.jpg
/Users/fedorgracev/Desktop/NeuralNetwork/dl_lab1/top_new_dataset/train/train/Огурцы/4314547/a641a1d2a4364cd2a53d32d0f7a03a21.jpg,trash,tinder_session:20260225_203059 source_class:Огурцы,,,Огурцы,Огурцы/4314547/a641a1d2a4364cd2a53d32d0f7a03a21.jpg,Огурцы/4314547/a641a1d2a4364cd2a53d32d0f7a03a21.jpg
/Users/fedorgracev/Desktop/NeuralNetwork/dl_lab1/top_new_dataset/train/train/Томаты/202/db5fc020a9cd4e869d6c17377e75da06.jpg,trash,tinder_session:20260225_203059 source_class:Томаты,,,Томаты,Томаты/202/db5fc020a9cd4e869d6c17377e75da06.jpg,Томаты/202/db5fc020a9cd4e869d6c17377e75da06.jpg
/Users/fedorgracev/Desktop/NeuralNetwork/dl_lab1/top_new_dataset/train/train/Томаты/202/de47235baacf4b299100d81dc142f7a0.jpg,trash,tinder_session:20260225_203059 source_class:Томаты,,,Томаты,Томаты/202/de47235baacf4b299100d81dc142f7a0.jpg,Томаты/202/de47235baacf4b299100d81dc142f7a0.jpg
/Users/fedorgracev/Desktop/NeuralNetwork/dl_lab1/top_new_dataset/train/train/Томаты/4221768/406cdb49d83449e8a45d0cf7775ac10a.jpg,trash,tinder_session:20260225_203059 source_class:Томаты,,,Томаты,Томаты/4221768/406cdb49d83449e8a45d0cf7775ac10a.jpg,Томаты/4221768/406cdb49d83449e8a45d0cf7775ac10a.jpg
/Users/fedorgracev/Desktop/NeuralNetwork/dl_lab1/top_new_dataset/train/train/Томаты/4221768/7d4b368450a2445988b566fb416f18e4.jpg,trash,tinder_session:20260225_203059 source_class:Томаты,,,Томаты,Томаты/4221768/7d4b368450a2445988b566fb416f18e4.jpg,Томаты/4221768/7d4b368450a2445988b566fb416f18e4.jpg
/Users/fedorgracev/Desktop/NeuralNetwork/dl_lab1/top_new_dataset/train/train/Томаты/4221768/c1a41e8f65534bc8a60960188002e8db.jpg,trash,tinder_session:20260225_203059 source_class:Томаты,,,Томаты,Томаты/4221768/c1a41e8f65534bc8a60960188002e8db.jpg,Томаты/4221768/c1a41e8f65534bc8a60960188002e8db.jpg
/Users/fedorgracev/Desktop/NeuralNetwork/dl_lab1/top_new_dataset/train/train/Томаты/4221768/c2dc3cc9a655473e897b1d3495f2f8b4.jpg,trash,tinder_session:20260225_203059 source_class:Томаты,,,Томаты,Томаты/4221768/c2dc3cc9a655473e897b1d3495f2f8b4.jpg,Томаты/4221768/c2dc3cc9a655473e897b1d3495f2f8b4.jpg
/Users/fedorgracev/Desktop/NeuralNetwork/dl_lab1/top_new_dataset/train/train/Томаты/4221768/ea892eda3d054efdbc61e88ad1bb0e64.jpg,trash,tinder_session:20260225_203059 source_class:Томаты,,,Томаты,Томаты/4221768/ea892eda3d054efdbc61e88ad1bb0e64.jpg,Томаты/4221768/ea892eda3d054efdbc61e88ad1bb0e64.jpg
/Users/fedorgracev/Desktop/NeuralNetwork/dl_lab1/top_new_dataset/train/train/Яблоки зелёные/48188/45b00abd472d4d0aaea6860d0d919801.jpg,trash,tinder_session:20260225_203059 source_class:Яблоки зелёные,,,Яблоки зелёные,Яблоки зелёные/48188/45b00abd472d4d0aaea6860d0d919801.jpg,Яблоки зелёные/48188/45b00abd472d4d0aaea6860d0d919801.jpg
/Users/fedorgracev/Desktop/NeuralNetwork/dl_lab1/top_new_dataset/train/train/Яблоки красные/4271772/499458ebd195461bad13bd74e6063c97.jpg,trash,tinder_session:20260225_203059 source_class:Яблоки красные,,,Яблоки красные,Яблоки красные/4271772/499458ebd195461bad13bd74e6063c97.jpg,Яблоки красные/4271772/499458ebd195461bad13bd74e6063c97.jpg
/Users/fedorgracev/Desktop/NeuralNetwork/dl_lab1/top_new_dataset/train/train/Яблоки красные/4271772/6e31f30ec00a4f9da62368a65b417f7c.jpg,trash,tinder_session:20260225_203059 source_class:Яблоки красные,,,Яблоки красные,Яблоки красные/4271772/6e31f30ec00a4f9da62368a65b417f7c.jpg,Яблоки красные/4271772/6e31f30ec00a4f9da62368a65b417f7c.jpg
/Users/fedorgracev/Desktop/NeuralNetwork/dl_lab1/top_new_dataset/train/train/Яблоки красные/807/2c4fe5feefb24c6794b4f19e0f619955.jpg,trash,tinder_session:20260225_203059 source_class:Яблоки красные,,,Яблоки красные,Яблоки красные/807/2c4fe5feefb24c6794b4f19e0f619955.jpg,Яблоки красные/807/2c4fe5feefb24c6794b4f19e0f619955.jpg
/Users/fedorgracev/Desktop/NeuralNetwork/dl_lab1/top_new_dataset/train/train/Яблоки красные/807/5eaa31487b8a4e18bc93db70be2060af.jpg,trash,tinder_session:20260225_203059 source_class:Яблоки красные,,,Яблоки красные,Яблоки красные/807/5eaa31487b8a4e18bc93db70be2060af.jpg,Яблоки красные/807/5eaa31487b8a4e18bc93db70be2060af.jpg
/Users/fedorgracev/Desktop/NeuralNetwork/dl_lab1/top_new_dataset/train/train/Яблоки красные/807/bbfd9c117cc546d9bd33c8b64421df72.jpg,trash,tinder_session:20260225_203059 source_class:Яблоки красные,,,Яблоки красные,Яблоки красные/807/bbfd9c117cc546d9bd33c8b64421df72.jpg,Яблоки красные/807/bbfd9c117cc546d9bd33c8b64421df72.jpg
/Users/fedorgracev/Desktop/NeuralNetwork/dl_lab1/top_new_dataset/train/train/Яблоки красные/807/db222bd0408e4f9080479428cd657e4e.jpg,trash,tinder_session:20260225_203059 source_class:Яблоки красные,,,Яблоки красные,Яблоки красные/807/db222bd0408e4f9080479428cd657e4e.jpg,Яблоки красные/807/db222bd0408e4f9080479428cd657e4e.jpg
/Users/fedorgracev/Desktop/NeuralNetwork/dl_lab1/top_new_dataset/train/train/Яблоки красные/807/dd9e7ce4ee404eb1be716a4c42b62391.jpg,trash,tinder_session:20260225_203059 source_class:Яблоки красные,,,Яблоки красные,Яблоки красные/807/dd9e7ce4ee404eb1be716a4c42b62391.jpg,Яблоки красные/807/dd9e7ce4ee404eb1be716a4c42b62391.jpg
/Users/fedorgracev/Desktop/NeuralNetwork/dl_lab1/top_new_dataset/train/train/Яблоки красные/807/decdf6b3b88942f6a0de7189a8dae657.jpg,trash,tinder_session:20260225_203059 source_class:Яблоки красные,,,Яблоки красные,Яблоки красные/807/decdf6b3b88942f6a0de7189a8dae657.jpg,Яблоки красные/807/decdf6b3b88942f6a0de7189a8dae657.jpg
